﻿pos_x,pos_y,rotation,side,designator,mpn,pack,footprint,value,mount_type,place
15.748,23.876,90.0,top,CP1,,,C_1206_3216Metric_Pad1.33x1.80mm_HandSolder,22uF,smt,True
41.6052,30.353,-90.0,top,CP10,,,C_1206_3216Metric_Pad1.33x1.80mm_HandSolder,4.7uF,smt,True
34.592,22.8985,90.0,top,CP11,,,C_1206_3216Metric_Pad1.33x1.80mm_HandSolder,0.1uF,smt,True
18.288,23.876,90.0,top,CP2,,,C_1206_3216Metric_Pad1.33x1.80mm_HandSolder,22uF,smt,True
43.482,25.9465,0.0,top,CP3,,,C_1206_3216Metric_Pad1.33x1.80mm_HandSolder,1uF,smt,True
59.944,13.462,-90.0,top,CP4,,,C_1206_3216Metric_Pad1.33x1.80mm_HandSolder,22uF,smt,True
53.34,30.615,90.0,top,CP5,,,C_1206_3216Metric_Pad1.33x1.80mm_HandSolder,22uF,smt,True
55.88,30.615,90.0,top,CP6,,,C_1206_3216Metric_Pad1.33x1.80mm_HandSolder,22uF,smt,True
57.404,13.462,-90.0,top,CP8,,,C_1206_3216Metric_Pad1.33x1.80mm_HandSolder,22uF,smt,True
54.864,13.462,-90.0,top,CP9,,,C_1206_3216Metric_Pad1.33x1.80mm_HandSolder,22uF,smt,True
47.5385,28.8755,180.0,top,D1,,,D_SMA_Handsoldering,D_Schottky,smt,True
47.5385,32.4315,0.0,top,D2,,,D_SMA_Handsoldering,D_Schottky,smt,True
13.208,24.13,90.0,top,D3,,,LED_1206_3216Metric,LED Red,smt,True
3.3685,26.412,-90.0,top,J1,,,AMPHENOL_10164359-00011LF,USB_C_Receptacle_USB2.0,smt,True
70.612,7.62,0.0,top,J2,,,Banana_CT_6mm,Conn_01x01_Pin,tht,True
73.449293,20.193,0.0,top,J3,,,Banana_CT_6mm,Conn_01x01_Pin,tht,True
70.655293,32.512,0.0,top,J4,,,Banana_CT_6mm,Conn_01x01_Pin,tht,True
26.924,32.004,-90.0,top,L1,,,L_Bourns_SRR1208_12.7x12.7mm,10uH,smt,True
17.369,9.398,0.0,top,MES1,,,PRT-14313,Voltmeter_DC,tht,True
37.084,32.258,-90.0,top,R1,,,R_1206_3216Metric_Pad1.30x1.75mm_HandSolder,30k,smt,True
3.302,18.542,-90.0,top,R2,,,R_1206_3216Metric_Pad1.30x1.75mm_HandSolder,5k,smt,True
7.366,19.558,0.0,top,R3,,,R_1206_3216Metric_Pad1.30x1.75mm_HandSolder,5k,smt,True
56.0324,17.3736,0.0,top,R4,,,R_1206_3216Metric_Pad1.30x1.75mm_HandSolder,5k,smt,True
62.611,15.9635,-90.0,top,RL(+)1,,,R_Axial_DIN0204_L3.6mm_D1.6mm_P5.08mm_Horizontal,470,tht,True
58.547,33.147,-90.0,top,RL(-)1,,,R_Axial_DIN0204_L3.6mm_D1.6mm_P5.08mm_Horizontal,470,tht,True
51.667,8.89,90.0,top,RV2,,,PDB12M4251105BF,R_Potentiometer_MountingPin,tht,True
10.795,24.003,-90.0,top,Rd1,,,R_1206_3216Metric_Pad1.30x1.75mm_HandSolder,220,smt,True
25.617075,29.21,180.0,bottom,TCdE FCEFYN,,,Logo,Logo,tht,True
38.141001,25.97785,90.0,top,Uw1,,,TSOT23-8_MP3437_MNP-M,MP3437GJ-P,smt,True
