﻿Designator,Quantity,Value,Footprint,Package,MPN,DNP,Mount_Type,Description
"CP1, CP2, CP4, CP5, CP6, CP8, CP9",7,22uF,C_1206_3216Metric_Pad1.33x1.80mm_HandSolder,,,,smt,
CP10,1,4.7uF,C_1206_3216Metric_Pad1.33x1.80mm_HandSolder,,,,smt,
CP11,1,0.1uF,C_1206_3216Metric_Pad1.33x1.80mm_HandSolder,,,,smt,
CP3,1,1uF,C_1206_3216Metric_Pad1.33x1.80mm_HandSolder,,,,smt,
"D1, D2",2,D_Schottky,D_SMA_Handsoldering,,,,smt,
D3,1,LED Red,LED_1206_3216Metric,,,,smt,Light emitting diode
J1,1,USB_C_Receptacle_USB2.0,AMPHENOL_10164359-00011LF,,,,smt,
"J2, J3, J4",3,Conn_01x01_Pin,Banana_CT_6mm,,,,tht,
L1,1,10uH,L_Bourns_SRR1208_12.7x12.7mm,,,,smt,
MES1,1,Voltmeter_DC,PRT-14313,,,,tht,
R1,1,30k,R_1206_3216Metric_Pad1.30x1.75mm_HandSolder,,,,smt,
"R2, R3, R4",3,5k,R_1206_3216Metric_Pad1.30x1.75mm_HandSolder,,,,smt,
"RL(+)1, RL(-)1",2,470,R_Axial_DIN0204_L3.6mm_D1.6mm_P5.08mm_Horizontal,,,,tht,
RV2,1,R_Potentiometer_MountingPin,PDB12M4251105BF,,,,tht,Potentiometer with a mounting pin
Rd1,1,220,R_1206_3216Metric_Pad1.30x1.75mm_HandSolder,,,,smt,
TCdE FCEFYN,1,Logo,Logo,,,,tht,
Uw1,1,MP3437GJ-P,TSOT23-8_MP3437_MNP-M,,,,smt,
